malliga.jpg,Dr.S.Malliga,Senior Professor & Head,https://sites.google.com/a/kongu.edu/mallisenthil/,,,,,,,,
kanimozhiselvi.jpg,Dr.C.S.Kanimozhi Selvi                                                                                                                                             ,Senior Professor,https://docs.google.com/document/d/e/2PACX-1vQhr2qTN9w3UuIAy21jRI_U5QIAIAAid1jHLELvAbCTCBBAsEKj8hMV2d0S_-L7Ag/pub,,,,,,,,
thamilselvan.jpg,Dr.R.Thamilselvan,Senior Professor & COE,https://sites.google.com/a/kongu.edu/thamilselvan-it/,,,,,,,,
nshanthi.jpg,Dr.N.Shanthi,Senior Professor,https://sites.google.com/a/kongu.edu/shanthi-cse/,,,,,,,,
gothai.jpg,Dr.E.Gothai                                                                                                                                             ,Professor,https://sites.google.com/a/kongu.edu/egothai-cse/,,,,,,,,
sangeetha.jpg,Dr.K.Sangeetha,Professor,https://sites.google.com/a/kongu.edu/sangeetha_k/,,,,,,,,
sshanthi.jpg,Dr.S.Shanthi,Professor,https://sites.google.com/a/kongu.edu/shanthi-s/,,,,,,,,
pcdkalaivaani.jpg,Dr. PCD.Kalaivaani,Associate Professor,https://sites.google.com/a/kongu.edu/kalairupa/,,,,,,,,
geetha.jpg,Dr.M.Geetha,Associate Professor,https://sites.google.com/a/kongu.edu/geetha/,,,,,,,,
sasipriyaa.jpg,Dr.N.Sasipriyaa,Associate Professor,https://sites.google.com/a/kongu.edu/sasipriya/,,,,,,,,
dinesh.jpg,Dr.K.Dinesh,Associate Professor,https://sites.google.com/a/kongu.edu/dinesh-cse/,,,,,,,,
nandhini.jpg,Dr.P.S.Nandhini,Associate Professor,https://sites.google.com/kongu.edu/nandhini-p-s/kec-faculty-profile,,,,,,,,
saravanan.jpg,N.P.Saravanan,Assistant Professor[SLG],https://sites.google.com/a/kongu.edu/npsaravanan/,,,,,,,,
devendran.jpg,K.Devendran,Assistant Professor[SLG],https://sites.google.com/a/kongu.edu/skdeva-kongu-ac-in,,,,,,,,
bizu.jpg,B.Bizu,Assistant Professor[SLG],https://sites.google.com/a/kongu.edu/bizu-cse-kongu-ac-in/,,,,,,,,
mohanasaranya.jpg,S.Mohana Saranya,Assistant Professor[SLG],https://sites.google.com/a/kongu.edu/mohanasaranya/,,,,,,,,
sramya.jpg,S.Ramya,Assistant Professor[SRG],https://sites.google.com/a/kongu.edu/s-ramya/,,,,,,,,
sagana.jpg,C.Sagana,Assistant Professor[SRG],https://sites.google.com/a/kongu.edu/sagana-c/,,,,,,,,
smohanapriya.jpg,S.Mohanapriya,Assistant Professor[SRG],https://sites.google.com/a/kongu.edu/mohanapriyas-cse/,,,,,,,,
venu.jpg,K.Venu,Assistant Professor[SRG],https://sites.google.com/a/kongu.edu/venu-cse/,,,,,,,,
gowthami.jpg,J.Gowthami,Assistant Professor[SRG],https://sites.google.com/a/kongu.edu/gowthami-cse/,,,,,,,,
kavitha.jpg,S.Kavitha,Assistant Professor[SRG],https://sites.google.com/kongu.edu/kavithas/home,,,,,,,, 
santhiya.jpg,P.Santhiya,Assistant Professor[SRG],https://sites.google.com/kongu.edu/psanthiya/home,,,,,,,,
aravindhraj.jpg,N.Aravindhraj,Assistant Professor[SRG],https://sites.google.com/kongu.edu/aravindhraj/home,,,,,,,,
teramya.jpg,T.E.Ramya,Assistant Professor,https://sites.google.com/a/kongu.edu/ramya-te/,,,,,,,,
gayathri.jpg,S.Gayathri,Assistant Professor,https://sites.google.com/a/kongu.edu/gayathris/,,,,,,,,
shudapreyaa.jpg,R.S.Shudapreyaa,Assistant Professor,https://sites.google.com/kongu.edu/shudapreyaa?usp=sharing,,,,,,,,
muthuraja.jpg,M.Muthuraja,Assistant Professor,https://sites.google.com/kongu.edu/muthuraja-m/home,,,,,,,,
manimaran.jpg,V.Manimaran,Assistant Professor,https://sites.google.com/kongu.edu/manimaran/,,,,,,,,
pkalaivani.jpg,P.Kalaivani ,Assistant Professor,https://sites.google.com/kongu.edu/p-kalaivani-kec-faculty-profil/home,,,,,,,,
roopa.jpg,C.Roopa,Assistant Professor,https://sites.google.com/kongu.edu/roopa/home,,,,,,,,
suvalakshmi.jpg,K.Suvalakshmi,Assistant Professor,https://sites.google.com/kongu.edu/suvalakshmik,,,,,,,,
sureshkumar.jpg,K.Sureshkumar,Assistant Professor,https://sites.google.com/kongu.edu/sureshkumar-cse-kec/home,,,,,,,,
arunkumar.jpg,T.Arunkumar,Assistant Professor,https://sites.google.com/kongu.edu/tarunkumar/home,,,,,,,,
kannukkiniyal.jpg,M.Kannukkiniyal,Assistant Professor,https://sites.google.com/kongu.edu/kannukkiniyal,,,,,,,,
ktmohanapriya.jpg,K.T.Mohanapriya  ,Assistant Professor,https://docs.google.com/document/d/e/2PACX-1vRZv95kRsF9dZEstYS5El0EGlIS4mqsgnE7JADRJytFVbZetaUY5LP64oInNYemeQ/pub,,,,,,,,
ramana.jpg,S.Ramana,Assistant Professor,"https://docs.google.com/document/d/e/2PACX-1vSqobOejoLpnulSh-ZmoTt5jY6gxjwzU2kcP54mgd4VTDoD_US3yBH60dptt8lZuQ/pub
",,,,,,,,
kalpana.jpg,S.Kalpana,Assistant Professor,https://docs.google.com/document/d/e/2PACX-1vS7kXeg8jn0RtyhH-JXF4SmFGnzIoIuYvRW2bbNgyuH8HgwiP86MuyHfxFyaSZ8NfmSpl2cHC0NJpt0/pub,,,,,,,,
jeevitha.jpg,P.Jeevitha,Assistant Professor,https://docs.google.com/document/d/e/2PACX-1vSyjLd8j9YI9_T6eXXODtuPp5PHC2EexCg0g6f4BwfGjmY-8pYqwYi-c9H-GT-TLnCF-2zvp4qtHM5H/pub,,,,,,,,
yuvarani.jpg,Dr.P.Yuvarani,Assistant Professor,https://docs.google.com/document/d/e/2PACX-1vQLc72utp9y3kIMBXNzX7m90in5nrek00EDe_8HZH5zGbhrxCFJhPLG5_VjVSaxew/pub,,,,,,,,
sathya.jpg,T.Sathya,Assistant Professor,https://docs.google.com/document/d/e/2PACX-1vRwzrE_l82FwAeRm2oS3gqMAFq5BQLksRxEAor0QrqslxVV_g5dHkd3ymxPPE4zEg/pub,,,,,,,,
sudhakar.jpg,K.Sudhakar,Assistant Professor,https://sites.google.com/view/kecfacultyprofile?usp=sharing,,,,,,,,
kiruthika.jpg,A.Kiruthika,Assistant Professor,https://docs.google.com/document/d/e/2PACX-1vShcMAvWXQKcguOtBJiUd3-RxisHRpEnueYsNJeYJ6kv5WjbSvkdl67W6cGJZX-9w/pub,,,,,,,,