murugesan.webp,Dr.G.Murugesan,Senior Professor & Dean,https://docs.google.com/document/u/0/d/e/2PACX-1vQQKXGt7Aa5-aC9nvdohiPY8L5UXSzXvvjNoF_YJz8KeTaGLgtB81hOo5mV9X2l_g/pub?pli=1
kasthuri.webp,Dr.N.Kasthuri,Senior Professor,https://sites.google.com/a/kongu.edu/kasthuri/
meeradevi.webp,Dr.T.Meeradevi,Senior Professor & Head,https://sites.google.com/a/kongu.edu/meeradevi-ece/
nirmaladevi.webp,Dr.P.Nirmaladevi,Professor,https://sites.google.com/a/kongu.edu/p-nirmala-devi/
malathi.webp,Dr.D.Malathi,Professor,https://sites.google.com/a/kongu.edu/malathid-ece/
sivaranjani.webp,Dr.P.Sivaranjani,Professor,https://sites.google.com/a/kongu.edu/psivaranjani/
maheswaran.webp,Dr.S.Maheswaran,Professor,https://sites.google.com/a/kongu.edu/maheswaran-s-ece/
sasikala.webp,Dr.S.Sasikala,Professor,https://sites.google.com/a/kongu.edu/sasikala-s-ece/
asenthilkumar.webp,Dr.A.Senthil Kumar,Professor of Practice,https://docs.google.com/document/d/e/2PACX-1vRywUlkz8O3PvKpQjGaW5w_A6h75_irNQtxA_TNJA48t8HM_tj8yscmwNnwOmuXjQ/pub
vijayalakshmi.webp,Dr.J.Vijayalakshmi,Associate Professor ,https://sites.google.com/a/kongu.edu/j-vijayalakshmi/
senthilkumar.webp,Dr.K.Senthilkumar,Associate Professor ,https://sites.google.com/a/kongu.edu/ksenthilkumar-ece/
arulmurugan.webp,Dr.A.Arulmurugan,Associate Professor ,https://sites.google.com/a/kongu.edu/arulmurugan-ece/
manojsenthil.webp,Dr.K.Manoj Senthil,Associate Professor ,https://sites.google.com/a/kongu.edu/manojsenthil/
kavinkumar.webp,Dr.K.Kavin Kumar,Associate Professor ,https://sites.google.com/a/kongu.edu/kavin/
chandrasekaran.webp,Dr.A.Chandrasekaran,Assistant Professor(SLG),https://sites.google.com/a/kongu.edu/chandru/
vibinmammenvinod.webp,Vibin Mammen Vinod,Assistant Professor(SLG),https://sites.google.com/a/kongu.edu/vibin-mammen-vinod-ece/
mekala.webp,V.Mekala,Assistant Professor(SLG),https://sites.google.com/a/kongu.edu/mekala-v-ece/
anbumani.webp,V.Anbumani,Assistant Professor(SLG),https://sites.google.com/a/kongu.edu/anbumani-ece/
sathesh.webp,S.Sathesh,Assistant Professor(SLG),https://sites.google.com/a/kongu.edu/sathesh-ece/
ramyea.webp,Dr.R.Ramyea,Assistant Professor(SLG),https://sites.google.com/a/kongu.edu/r-ramyea/
karthik.webp,R.P.Karthik,Assistant Professor(SLG),https://sites.google.com/a/kongu.edu/rpkarthik/
pavithra.webp,Dr.M.Pavithra,Assistant Professor(SLG),https://sites.google.com/a/kongu.edu/m-pavithra-ece/
deepa.webp,G.Deepa,Assistant Professor(SRG),https://sites.google.com/a/kongu.edu/deepa-g/
kavitha.webp,N.S.Kavitha,Assistant Professor(SRG),https://sites.google.com/a/kongu.edu/n-s-kavitha/
vivek.webp,B.Vivek,Assistant Professor(SRG),https://sites.google.com/a/kongu.edu/vivek-ece/
preethi.webp,S.Preethi,Assistant Professor(SRG),https://sites.google.com/a/kongu.edu/preethi-s/
vennila.webp,A.Vennila,Assistant Professor(SRG),https://sites.google.com/a/kongu.edu/vennila-ece/
suthagar.webp,S.Suthagar,Assistant Professor(SRG),https://sites.google.com/a/kongu.edu/suthagar-s/
thirunavukarasu.webp,G.Thirunavukkarasu,Assistant Professor(SRG),https://sites.google.com/a/kongu.edu/gthirunavukkarasu/
sivapriya.webp,Dr.G.Sivapriya,Assistant Professor(SRG),https://sites.google.com/a/kongu.edu/sivapriyaece/
indhumathi.webp,N.Indhumathi,Assistant Professor(SRG),https://sites.google.com/a/kongu.edu/indhumathi-ece/
ppavithara.webp,P.Pavithara,Assistant Professor ,https://sites.google.com/a/kongu.edu/pavithara-p-ece/
gowri.webp,P.Gowri,Assistant Professor ,https://sites.google.com/a/kongu.edu/gowri-ece/
banumithra.webp,B.Banumithra,Assistant Professor ,https://docs.google.com/document/d/e/2PACX-1vQllkAOc8Ps39a0LjmWW3o0sn-KfvjUmmcbGdIMOiZTQl2642PIVXFu0G7Ddg3e4A/pub
ramesh.webp,M.Ramesh,Assistant Professor ,https://docs.google.com/document/d/e/2PACX-1vRD6RSMZZgttPEDJCJiXU_slhkQ7xD1Nj6cjiiUIyrnGC5yHuWf5eqkM5sAcEyagw/pub
ponkarthika.webp,M.Ponkarthika,Assistant Professor ,https://docs.google.com/document/d/e/2PACX-1vTLZw4_N6eLuyIZ-mLGhZR7dd-WLT3Pd7ZMNN4A_R-R6eT5wLkBXS14BvnK0wxw8A/pub
abinaya.webp,B.Abinaya,Assistant Professor ,https://docs.google.com/document/d/e/2PACX-1vR-HgTy_Aser3hT0SXyJN32CkTrqSZqUxx1LjbFfzW7iDPbHqQ8TkRwV2xFfPzpNw/pub
saranya.webp,M.Saranya,Assistant Professor ,https://docs.google.com/document/d/e/2PACX-1vRsd5pFTk0suAZpJj5nbU_0BLaVPfHWXYsA4zaiyPP6J9EDHi1vtpm4cFdaJx5L0g/pub
annapoorani.webp,B.T.Annapoorani,Assistant Professor ,https://docs.google.com/document/d/e/2PACX-1vRqnXEZWb3W4eL4Eoy08gH3u7Xej7ro1vDsuroC_hqdiQt8gur__O5dScRm8g444A/pub
sarulmurugan.webp,Dr.S.Arulmurugan,Assistant Professor ,https://docs.google.com/document/d/e/2PACX-1vRznRF7pGItSWwCngIST_lfzIFL0E-fjCcOQUUF7Te8eHcklFnaEblUOMFiljLMDw/pub
abirami.webp,T.Abirami,Assistant Professor ,https://docs.google.com/document/d/e/2PACX-1vQb6LeVKWAA8Yc8ZogkNRAgCvXpxk6MAPnyEFTuhaj10x89BmQ9mRnu5QJ2q97buA/pub
vignesh.webp,M.Vignesh,Assistant Professor ,https://docs.google.com/document/d/e/2PACX-1vTZxKYAb3MhGEDYqq0fAo-_mlDlSOZC9CRToq7z3-TDKJRZ8zXXSIPL2G6fzl2xyA/pub
sudha.webp,Dr.S.Sudha,Assistant Professor,https://docs.google.com/document/d/e/2PACX-1vRrwOxfKkfSr_mgYpLTzFZtQ0uLipB11Qb3XrqyLRPIar_Ea-HPOaGgvKX_LI_e1Q/pub
prabhu.webp,T.Prabhu,Assistant Professor,https://sites.google.com/kongu.edu/prabhut/bio
kodeeswari.webp,K.Kodeeswari,Assistant Professor,https://docs.google.com/document/d/e/2PACX-1vQ1EtLw8XMPIS0y7D1NSYPEcW8j45b-sJhUCnge1ssnqnhQTWlY6GrhXC1nuyTCxA/pub
shivaranjani.webp,M.Shivaranjani,Assistant Professor,https://docs.google.com/document/d/e/2PACX-1vQikpkpQ_F7Alz0UKTKLc1TGKRcNEFERSt6G9nFyNxE3cMBGx1y7YK2XPWw5ZUGwEX71mNke01OZkSv/pub
gowthami.webp,D.Gowthami,Assistant Professor,https://docs.google.com/document/d/e/2PACX-1vSLEjcNsH4aw7adfJ34k_dS6kEuPJxAk2XHDu8GI_P1f8QR4x1Fzpen8HUz2oaF0A/pub
vidhya.webp,S.Vidhya,Assistant Professor,https://docs.google.com/document/d/e/2PACX-1vQDAD-mOvCFprD7w1MCmzHCkr3bpRRwvr5lLJ4FzUjKVuV0xtGXaZb2hGQYEoETAg/pub
